,0,0,0
0,2019-01-24,9.1,26.562426
1,2019-01-25,9.415,26.562426
2,2019-01-26,3.257,26.562426
3,2019-01-27,9.112,26.562426
4,2019-01-28,3.273,26.562426
5,2019-01-29,9.145,26.562426
6,2019-01-30,3.305,26.562426
7,2019-01-31,3.252,26.562426
8,2019-02-01,9.16,26.562426
9,2019-02-02,3.3,26.562426
10,2019-02-03,9.142,26.562426
11,2019-02-04,14.983,26.562426
12,2019-02-05,14.981000000000002,26.562426
13,2019-02-06,9.156,26.562426
14,2019-02-07,9.124,26.562426
15,2019-02-08,14.964,26.562426
16,2019-02-09,9.155,26.562426
17,2019-02-10,3.271,26.562426
18,2019-02-11,3.317,26.562426
19,2019-02-12,9.158,26.562426
20,2019-02-13,9.167,26.562426
21,2019-02-14,3.283,26.562426
22,2019-02-15,3.328,26.562426
23,2019-02-16,9.178,26.562426
24,2019-02-17,9.158,26.562426
25,2019-02-18,3.289,26.562426
26,2019-02-19,9.123,26.562426
27,2019-02-20,9.132,26.562426
28,2019-02-21,9.179,26.562426
29,2019-02-22,9.147,26.562426
30,2019-02-23,3.339,26.562426
31,2019-02-24,9.172,26.562426
32,2019-02-25,9.178,26.562426
33,2019-02-26,3.359,26.562426
34,2019-02-27,15.001,26.562426
35,2019-02-28,3.371,26.562426
36,2019-03-01,9.194,26.562426
37,2019-03-02,11.16,26.562426
38,2019-03-03,5.594,26.562426
39,2019-03-04,11.36,26.562426
40,2019-03-05,5.577,26.562426
41,2019-03-06,11.363,26.562426
42,2019-03-07,11.406,26.562426
43,2019-03-08,11.378,26.562426
44,2019-03-09,11.411,26.562426
45,2019-03-10,11.349,26.562426
46,2019-03-11,11.402,26.562426
47,2019-03-12,11.399,26.562426
48,2019-03-13,5.553,26.562426
49,2019-03-14,11.41,26.562426
50,2019-03-15,5.606,26.562426
51,2019-03-16,11.358,26.562426
52,2019-03-17,11.381,26.562426
53,2019-03-18,5.571,26.562426
54,2019-03-19,11.446,26.562426
55,2019-03-20,5.564,26.562426
56,2019-03-21,22.992,26.562426
57,2019-03-22,46.266,26.562426
58,2019-03-23,63.829,26.562426
59,2019-03-24,34.693,26.562426
60,2019-03-25,23.082,26.562426
61,2019-03-26,28.888,26.562426
62,2019-03-27,23.049,26.562426
63,2019-03-28,17.239,26.562426
64,2019-03-29,17.194,26.562426
65,2019-03-30,23.085,26.562426
66,2019-03-31,23.068,26.562426
67,2019-04-01,23.108,26.562426
68,2019-04-02,17.845,26.562426
69,2019-04-03,11.912,26.562426
70,2019-04-04,17.868,26.562426
71,2019-04-05,11.958,26.562426
72,2019-04-06,17.863,26.562426
73,2019-04-07,23.67,26.562426
74,2019-04-08,11.974,26.562426
75,2019-04-09,18.098,26.562426
76,2019-04-10,30.079999999999995,26.562426
77,2019-04-11,24.209,26.562426
78,2019-04-12,23.774,26.562426
79,2019-04-13,29.607,26.562426
80,2019-04-14,23.689,26.562426
81,2019-04-15,35.481,26.562426
82,2019-04-16,28.996999999999996,26.562426
83,2019-04-17,23.111,26.562426
84,2019-04-18,34.859,26.562426
85,2019-04-19,23.212,26.562426
86,2019-04-20,23.302,26.562426
87,2019-04-21,29.509,26.562426
88,2019-04-22,17.823,26.562426
89,2019-04-23,23.633,26.562426
90,2019-04-24,17.895,26.562426
91,2019-04-25,41.062,26.562426
92,2019-04-26,29.278999999999996,26.562426
93,2019-04-27,34.903,26.562426
94,2019-04-28,52.935,26.562426
95,2019-04-29,47.076,26.562426
96,2019-04-30,41.227,26.562426
97,2019-05-01,35.373,26.562426
98,2019-05-02,27.485,26.562426
99,2019-05-03,21.869,26.562426
100,2019-05-04,22.366,26.562426
101,2019-05-05,28.597,26.562426
102,2019-05-06,11.505,26.562426
103,2019-05-07,17.54,26.562426
104,2019-05-08,6.392,26.562426
105,2019-05-09,12.313,26.562426
106,2019-05-10,12.558,26.562426
107,2019-05-11,12.891,26.562426
108,2019-05-12,12.537,26.562426
109,2019-05-13,7.72,26.562426
110,2019-05-14,8.081,26.562426
111,2019-05-15,13.98,26.562426
112,2019-05-16,6.592,26.562426
113,2019-05-17,1.1,26.562426
114,2019-05-18,12.551,26.562426
115,2019-05-19,7.882999999999999,26.562426
116,2019-05-20,8.233,26.562426
117,2019-05-21,8.472,26.562426
118,2019-05-22,14.162,26.562426
119,2019-05-23,3.41,26.562426
120,2019-05-24,9.021,26.562426
121,2019-05-25,3.794,26.562426
122,2019-05-26,9.406,26.562426
123,2019-05-27,4.255,26.562426
124,2019-05-28,4.467,26.562426
125,2019-05-29,4.723,26.562426
126,2019-05-30,4.91,26.562426
127,2019-05-31,5.094,26.562426
128,2019-06-01,0.0,26.562426
129,2019-06-02,5.463,26.562426
130,2019-06-03,5.683,26.562426
131,2019-06-04,0.69,26.562426
132,2019-06-05,6.187,26.562426
133,2019-06-06,1.226,26.562426
134,2019-06-07,1.493,26.562426
135,2019-06-08,43.203,26.562426
136,2019-06-09,53.705,26.562426
137,2019-06-10,33.013,26.562426
138,2019-06-11,17.518,26.562426
139,2019-06-12,2.249,26.562426
140,2019-06-13,28.216,26.562426
141,2019-06-14,7.758,26.562426
142,2019-06-15,13.115,26.562426
143,2019-06-16,23.464,26.562426
144,2019-06-17,8.399,26.562426
145,2019-06-18,23.811,26.562426
146,2019-06-19,28.776,26.562426
147,2019-06-20,24.09,26.562426
148,2019-06-21,34.397,26.562426
149,2019-06-22,24.09,26.562426
150,2019-06-23,34.397,26.562426
151,2019-06-24,14.608,26.562426
152,2019-06-25,44.612,26.562426
153,2019-06-26,9.988,26.562426
154,2019-06-27,10.13,26.562426
155,2019-06-28,10.43,26.562426
156,2019-06-29,0.758,26.562426
157,2019-06-30,10.799,26.562426
158,2019-07-01,11.012,26.562426
159,2019-07-02,9.178,26.562426
160,2019-07-03,4.518,26.562426
161,2019-07-04,4.71,26.562426
162,2019-07-05,4.906,26.562426
163,2019-07-06,5.18,26.562426
164,2019-07-07,5.326,26.562426
165,2019-07-08,0.751,26.562426
166,2019-07-09,0.9970000000000001,26.562426
167,2019-07-10,1.28,26.562426
168,2019-07-11,6.277,26.562426
169,2019-07-12,77.418,26.562426
170,2019-07-13,86.885,26.562426
171,2019-07-14,38.857,26.562426
172,2019-07-15,29.354,26.562426
173,2019-07-16,24.865,26.562426
174,2019-07-17,48.336,26.562426
175,2019-07-18,38.86,26.562426
176,2019-07-19,29.490000000000002,26.562426
177,2019-07-20,24.982,26.562426
178,2019-07-21,20.326,26.562426
179,2019-07-22,25.213,26.562426
180,2019-07-23,53.212,26.562426
181,2019-07-24,44.049,26.562426
182,2019-07-25,34.779,26.562426
183,2019-07-26,25.612,26.562426
184,2019-07-27,319.502,47.878204
185,2019-07-28,350.144,402.15085
186,2019-07-29,176.649,309.194
187,2019-07-30,225.176,337.46222
188,2019-07-31,139.388,26.562426
189,2019-08-01,144.322,26.562426
190,2019-08-02,188.394,26.562426
191,2019-08-03,154.806,26.562426
192,2019-08-04,101.226,26.562426
193,2019-08-05,76.825,26.562426
194,2019-08-06,57.22,26.562426
195,2019-08-07,47.554,26.562426
196,2019-08-08,696.082,527.31885
197,2019-08-09,477.327,707.25775
198,2019-08-10,225.702,26.562426
199,2019-08-11,144.013,26.562426
200,2019-08-12,97.715,26.562426
201,2019-08-13,97.715,26.562426
202,2019-08-14,87.352,26.562426
203,2019-08-15,66.759,26.562426
204,2019-08-16,134.044,671.1186
205,2019-08-17,301.198,603.6872
206,2019-08-18,155.852,26.562426
207,2019-08-19,108.652,26.562426
208,2019-08-20,76.704,26.562426
209,2019-08-21,56.147,26.562426
210,2019-08-22,45.459,26.562426
211,2019-08-23,40.517,26.562426
212,2019-08-24,35.345,26.562426
213,2019-08-25,30.026999999999997,26.562426
214,2019-08-26,30.186,26.562426
215,2019-08-27,23.434,26.562426
216,2019-08-28,24.53,26.562426
217,2019-08-29,24.261,26.562426
218,2019-08-30,19.434,26.562426
219,2019-08-31,19.505,26.562426
220,2019-09-01,19.545,26.562426
221,2019-09-02,13.833,26.562426
222,2019-09-03,19.109,26.562426
223,2019-09-04,19.166,26.562426
224,2019-09-05,19.187,26.562426
225,2019-09-06,65.545,26.562426
226,2019-09-07,148.089,114.08387
227,2019-09-08,75.541,26.562426
228,2019-09-09,60.483,26.562426
229,2019-09-10,50.172,26.562426
230,2019-09-11,112.601,230.34227
231,2019-09-12,581.673,260.8943
232,2019-09-13,295.849,26.562426
233,2019-09-14,162.96,26.562426
234,2019-09-15,103.942,26.562426
235,2019-09-16,82.417,26.562426
236,2019-09-17,71.788,26.562426
237,2019-09-18,50.289,26.562426
238,2019-09-19,44.975,26.562426
239,2019-09-20,39.506,26.562426
240,2019-09-21,34.019,26.562426
241,2019-09-22,33.995,26.562426
242,2019-09-23,45.03,26.562426
243,2019-09-24,180.608,26.562426
244,2019-09-25,98.564,26.562426
245,2019-09-26,76.808,26.562426
246,2019-09-27,49.428,26.562426
247,2019-09-28,44.004,26.562426
248,2019-09-29,38.504,26.562426
249,2019-09-30,27.572,26.562426
250,2019-10-01,33.211,26.562426
251,2019-10-02,27.564,26.562426
252,2019-10-03,38.543,26.562426
253,2019-10-04,268.601,148.69658
254,2019-10-05,216.43,26.562426
255,2019-10-06,122.714,26.562426
256,2019-10-07,89.076,26.562426
257,2019-10-08,66.521,26.562426
258,2019-10-09,60.878,26.562426
259,2019-10-10,49.745,26.562426
260,2019-10-11,43.93,26.562426
261,2019-10-12,38.335,26.562426
262,2019-10-13,32.697,26.562426
263,2019-10-14,27.068,26.562426
264,2019-10-15,27.135,26.562426
265,2019-10-16,21.438,26.562426
266,2019-10-17,27.084,26.562426
267,2019-10-18,21.487,26.562426
268,2019-10-19,21.508,26.562426
269,2019-10-20,15.964999999999998,26.562426
270,2019-10-21,21.583,26.562426
271,2019-10-22,15.662,26.562426
272,2019-10-23,15.954,26.562426
273,2019-10-24,21.604,26.562426
274,2019-10-25,10.895,26.562426
275,2019-10-26,10.937,26.562426
276,2019-10-27,16.451,26.562426
277,2019-10-28,11.044,26.562426
278,2019-10-29,11.042,26.562426
279,2019-10-30,16.565,26.562426
280,2019-10-31,11.126,26.562426
281,2019-11-01,11.161,26.562426
282,2019-11-02,12.037,26.562426
283,2019-11-03,12.071,26.562426
284,2019-11-04,12.064,26.562426
285,2019-11-05,12.083,26.562426
286,2019-11-06,17.546,26.562426
287,2019-11-07,12.121,26.562426
288,2019-11-08,12.117,26.562426
289,2019-11-09,12.123,26.562426
290,2019-11-10,12.166,26.562426
291,2019-11-11,12.244,26.562426
292,2019-11-12,6.835,26.562426
293,2019-11-13,12.311,26.562426
294,2019-11-14,12.24,26.562426
295,2019-11-15,6.879,26.562426
296,2019-11-16,12.234,26.562426
297,2019-11-17,6.905,26.562426
298,2019-11-18,33.993,26.562426
299,2019-11-19,82.504,26.562426
300,2019-11-20,77.108,26.562426
301,2019-11-21,50.114,26.562426
302,2019-11-22,39.263,26.562426
303,2019-11-23,28.483,26.562426
304,2019-11-24,23.048,26.562426
305,2019-11-25,23.09,26.562426
306,2019-11-26,28.488,26.562426
307,2019-11-27,23.049,26.562426
308,2019-11-28,17.688,26.562426
309,2019-11-29,23.038,26.562426
310,2019-11-30,12.299,26.562426
311,2019-12-01,17.828,26.562426
312,2019-12-02,19.068,26.562426
313,2019-12-03,13.703,26.562426
314,2019-12-04,19.077,26.562426
315,2019-12-05,8.334,26.562426
316,2019-12-06,13.771,26.562426
317,2019-12-07,8.321,26.562426
318,2019-12-08,8.447,26.562426
319,2019-12-09,13.831,26.562426
320,2019-12-10,8.436,26.562426
321,2019-12-11,13.927,26.562426
322,2019-12-12,8.613,26.562426
323,2019-12-13,13.963,26.562426
324,2019-12-14,3.293,26.562426
325,2019-12-15,14.026,26.562426
326,2019-12-16,14.082,26.562426
327,2019-12-17,3.6600000000000006,26.562426
328,2019-12-18,8.867,26.562426
329,2019-12-19,14.176,26.562426
330,2019-12-20,8.909,26.562426
331,2019-12-21,9.001,26.562426
332,2019-12-22,8.996,26.562426
333,2019-12-23,3.7829999999999995,26.562426
334,2019-12-24,9.231,26.562426
335,2019-12-25,9.161,26.562426
336,2019-12-26,9.17,26.562426
337,2019-12-27,4.005,26.562426
338,2019-12-28,9.27,26.562426
339,2019-12-29,4.094,26.562426
340,2019-12-30,9.345,26.562426
341,2019-12-31,4.143,26.562426
342,2020-01-01,9.408,26.562426
343,2020-01-02,3.7980000000000005,26.562426
344,2020-01-03,3.8849999999999993,26.562426
345,2020-01-04,9.089,26.562426
346,2020-01-05,9.046,26.562426
347,2020-01-06,9.273,26.562426
348,2020-01-07,4.164,26.562426
349,2020-01-08,50.441,26.562426
350,2020-01-09,428.951,468.70667
351,2020-01-10,213.126,26.562426
352,2020-01-11,113.832,26.562426
353,2020-01-12,82.259,26.562426
354,2020-01-13,66.442,26.562426
355,2020-01-14,50.669,26.562426
356,2020-01-15,40.044,26.562426
357,2020-01-16,29.479,26.562426
358,2020-01-17,29.511000000000003,26.562426
359,2020-01-18,29.462999999999997,26.562426
360,2020-01-19,29.491,26.562426
361,2020-01-20,24.212,26.562426
362,2020-01-21,24.195,26.562426
363,2020-01-22,19.047,26.562426
364,2020-01-23,24.243,26.562426
365,2020-01-24,19.04,26.562426
366,2020-01-25,24.285,26.562426
367,2020-01-26,13.824,26.562426
368,2020-01-27,24.32,26.562426
369,2020-01-28,8.702,26.562426
370,2020-01-29,19.191,26.562426
371,2020-01-30,19.21,26.562426
372,2020-01-31,14.016,26.562426
373,2020-02-01,19.275,26.562426
374,2020-02-02,18.375,26.562426
375,2020-02-03,13.252,26.562426
376,2020-02-04,13.273,26.562426
377,2020-02-05,8.142,26.562426
378,2020-02-06,13.333,26.562426
379,2020-02-07,13.368,26.562426
380,2020-02-08,8.234,26.562426
381,2020-02-09,13.472,26.562426
382,2020-02-10,13.52,26.562426
383,2020-02-11,8.417,26.562426
384,2020-02-12,18.72,26.562426
385,2020-02-13,8.562,26.562426
386,2020-02-14,13.692,26.562426
387,2020-02-15,23.957,26.562426
388,2020-02-16,18.904,26.562426
389,2020-02-17,29.102,26.562426
390,2020-02-18,29.098000000000003,26.562426
391,2020-02-19,18.91,26.562426
392,2020-02-20,13.89,26.562426
393,2020-02-21,24.077,26.562426
394,2020-02-22,13.934,26.562426
395,2020-02-23,24.135,26.562426
396,2020-02-24,24.129,26.562426
397,2020-02-25,14.01,26.562426
398,2020-02-26,44.392,26.562426
399,2020-02-27,44.382,26.562426
400,2020-02-28,39.348,26.562426
401,2020-02-29,34.278,26.562426
402,2020-03-01,39.361,26.562426
403,2020-03-02,31.319,26.562426
404,2020-03-03,41.336,26.562426
405,2020-03-04,41.364,26.562426
406,2020-03-05,36.297,26.562426
407,2020-03-06,36.298,26.562426
408,2020-03-07,31.255,26.562426
409,2020-03-08,31.245000000000005,26.562426
410,2020-03-09,31.231,26.562426
411,2020-03-10,26.164,26.562426
412,2020-03-11,41.323,26.562426
413,2020-03-12,86.837,26.562426
414,2020-03-13,66.643,26.562426
415,2020-03-14,46.43,26.562426
416,2020-03-15,36.294,26.562426
417,2020-03-16,36.347,26.562426
418,2020-03-17,31.234,26.562426
419,2020-03-18,31.234,26.562426
420,2020-03-19,26.181,26.562426
421,2020-03-20,31.228999999999996,26.562426
422,2020-03-21,31.218000000000004,26.562426
423,2020-03-22,26.156,26.562426
424,2020-03-23,31.225,26.562426
425,2020-03-24,41.335,26.562426
426,2020-03-25,36.283,26.562426
427,2020-03-26,36.289,26.562426
428,2020-03-27,31.242000000000004,26.562426
429,2020-03-28,41.36,26.562426
430,2020-03-29,51.48,26.562426
431,2020-03-30,41.371,26.562426
432,2020-03-31,36.285,26.562426
433,2020-04-01,31.225999999999996,26.562426
434,2020-04-02,35.065,26.562426
435,2020-04-03,29.992000000000004,26.562426
436,2020-04-04,40.137,26.562426
437,2020-04-05,30.000999999999998,26.562426
438,2020-04-06,24.902,26.562426
439,2020-04-07,24.424,26.562426
440,2020-04-08,24.623,26.562426
441,2020-04-09,24.924,26.562426
442,2020-04-10,19.873,26.562426
443,2020-04-11,19.749,26.562426
444,2020-04-12,19.532,26.562426
445,2020-04-13,30.15,26.562426
446,2020-04-14,35.121,26.562426
447,2020-04-15,40.106,26.562426
448,2020-04-16,40.13,26.562426
449,2020-04-17,35.064,26.562426
450,2020-04-18,40.124,26.562426
451,2020-04-19,40.145,26.562426
452,2020-04-20,40.134,26.562426
453,2020-04-21,50.289,26.562426
454,2020-04-22,55.38,26.562426
455,2020-04-23,40.163,26.562426
456,2020-04-24,40.166,26.562426
457,2020-04-25,40.172,26.562426
458,2020-04-26,29.999,26.562426
459,2020-04-27,29.989000000000004,26.562426
460,2020-04-28,24.89,26.562426
461,2020-04-29,24.91,26.562426
462,2020-04-30,19.735,26.562426
463,2020-05-01,24.754,26.562426
464,2020-05-02,19.68,26.562426
465,2020-05-03,24.766,26.562426
466,2020-05-04,24.756,26.562426
467,2020-05-05,24.831,26.562426
468,2020-05-06,14.777,26.562426
469,2020-05-07,19.861,26.562426
470,2020-05-08,14.798,26.562426
471,2020-05-09,19.874,26.562426
472,2020-05-10,60.37299999999999,26.562426
473,2020-05-11,111.296,26.562426
474,2020-05-12,86.049,26.562426
475,2020-05-13,70.848,26.562426
476,2020-05-14,55.628,26.562426
477,2020-05-15,45.422,26.562426
478,2020-05-16,45.366,26.562426
479,2020-05-17,45.392,26.562426
480,2020-05-18,40.274,26.562426
481,2020-05-19,50.518,26.562426
482,2020-05-20,329.592,565.2181
483,2020-05-21,327.784,113.112656
484,2020-05-22,198.596,26.562426
485,2020-05-23,125.32199999999999,26.562426
486,2020-05-24,98.999,26.562426
487,2020-05-25,93.861,26.562426
488,2020-05-26,77.918,26.562426
489,2020-05-27,67.2,26.562426
490,2020-05-28,61.977999999999994,26.562426
491,2020-05-29,51.468,26.562426
492,2020-05-30,46.123,26.562426
493,2020-05-31,40.75,26.562426
494,2020-06-01,35.369,26.562426
495,2020-06-02,29.390999999999995,26.562426
496,2020-06-03,24.032,26.562426
497,2020-06-04,29.465999999999998,26.562426
498,2020-06-05,18.675,26.562426
499,2020-06-06,29.47,26.562426
500,2020-06-07,18.704,26.562426
501,2020-06-08,13.428,26.562426
502,2020-06-09,18.733,26.562426
503,2020-06-10,13.47,26.562426
504,2020-06-11,13.42,26.562426
505,2020-06-12,13.528,26.562426
506,2020-06-13,13.492,26.562426
507,2020-06-14,8.327,26.562426
508,2020-06-15,13.537,26.562426
509,2020-06-16,8.327,26.562426
510,2020-06-17,8.313,26.562426
511,2020-06-18,8.407,26.562426
512,2020-06-19,13.676,26.562426
513,2020-06-20,8.486,26.562426
514,2020-06-21,3.171,26.562426
515,2020-06-22,8.505,26.562426
516,2020-06-23,3.282,26.562426
517,2020-06-24,8.65,26.562426
518,2020-06-25,34.898,26.562426
519,2020-06-26,34.633,26.562426
520,2020-06-27,29.138,26.562426
521,2020-06-28,29.259000000000004,26.562426
522,2020-06-29,24.406,26.562426
523,2020-06-30,24.421,26.562426
524,2020-07-01,293.061,72.50402
525,2020-07-02,298.993,270.8182
526,2020-07-03,123.90099999999998,26.562426
527,2020-07-04,69.89,26.562426
528,2020-07-05,42.998,26.562426
529,2020-07-06,38.122,26.562426
530,2020-07-07,17.99,26.562426
531,2020-07-08,22.055,26.562426
532,2020-07-09,21.977,26.562426
533,2020-07-10,16.673,26.562426
534,2020-07-11,22.007,26.562426
535,2020-07-12,38.189,26.562426
536,2020-07-13,32.715,26.562426
537,2020-07-14,75.824,40.61758
538,2020-07-15,275.96,72.39121
539,2020-07-16,163.329,26.562426
540,2020-07-17,81.756,26.562426
541,2020-07-18,59.90999999999999,26.562426
542,2020-07-19,43.195,189.92717
543,2020-07-20,38.221,26.562426
544,2020-07-21,38.223,26.562426
545,2020-07-22,32.671,26.562426
546,2020-07-23,27.118,26.562426
547,2020-07-24,52.774,306.55215
548,2020-07-25,711.778,892.5637
549,2020-07-26,1208.287,416.32703
550,2020-07-27,563.598,26.562426
551,2020-07-28,242.313,26.562426
552,2020-07-29,146.961,26.562426
553,2020-07-30,135.231,26.562426
554,2020-07-31,117.93599999999999,26.562426
555,2020-08-01,93.851,26.562426
556,2020-08-02,100.207,26.562426
557,2020-08-03,157.78,426.4398
558,2020-08-04,1326.889,1245.6648
559,2020-08-05,1761.573,3421.3323
560,2020-08-06,3373.14,3801.1033
561,2020-08-07,2263.252,2792.4119
562,2020-08-08,729.261,976.5053
563,2020-08-09,336.122,26.562426
564,2020-08-10,986.241,443.65747
565,2020-08-11,721.926,675.92206
566,2020-08-12,1335.359,1489.1683
567,2020-08-13,688.423,1020.10065
568,2020-08-14,322.448,522.07367
569,2020-08-15,207.513,248.64516
570,2020-08-16,354.279,203.104
571,2020-08-17,337.363,280.88132
572,2020-08-18,201.123,26.562426
573,2020-08-19,130.227,277.4489
574,2020-08-20,96.507,435.3509
575,2020-08-21,84.277,46.50108
576,2020-08-22,66.266,26.562426
577,2020-08-23,86.094,329.5657
578,2020-08-24,358.101,747.16724
579,2020-08-25,165.045,26.562426
580,2020-08-26,111.37,26.562426
581,2020-08-27,80.907,26.562426
582,2020-08-28,87.978,26.562426
583,2020-08-29,94.986,26.562426
584,2020-08-30,107.697,26.562426
585,2020-08-31,127.791,26.562426
586,2020-09-01,120.659,26.562426
587,2020-09-02,97.222,26.562426
588,2020-09-03,106.504,26.562426
589,2020-09-04,2660.614,1454.9935
590,2020-09-05,674.02,600.14996
591,2020-09-06,277.855,26.562426
592,2020-09-07,170.171,26.562426
593,2020-09-08,1436.162,833.76514
594,2020-09-09,782.183,436.5977
595,2020-09-10,391.154,26.562426
596,2020-09-11,246.78499999999997,138.5089
597,2020-09-12,179.445,26.562426
598,2020-09-13,200.112,26.562426
599,2020-09-14,300.341,26.562426
600,2020-09-15,206.815,26.562426
601,2020-09-16,137.972,104.26944
602,2020-09-17,126.018,26.562426
603,2020-09-18,106.516,26.562426
604,2020-09-19,80.82,26.562426
605,2020-09-20,67.913,26.562426
606,2020-09-21,61.796,26.562426
607,2020-09-22,52.247,26.562426
608,2020-09-23,43.768,26.562426
609,2020-09-24,38.973,26.562426
610,2020-09-25,39.755,26.562426
611,2020-09-26,100.174,26.562426
612,2020-09-27,86.854,26.562426
613,2020-09-28,80.4,26.562426
614,2020-09-29,56.674,26.562426
615,2020-09-30,45.125,26.562426
616,2020-10-01,43.926,26.562426
617,2020-10-02,42.799,26.562426
618,2020-10-03,42.908,26.562426
619,2020-10-04,36.667,26.562426
620,2020-10-05,30.448,26.562426
621,2020-10-06,30.614,26.562426
622,2020-10-07,23.299,26.562426
623,2020-10-08,23.4,26.562426
624,2020-10-09,23.5,26.562426
625,2020-10-10,11.062,26.562426
626,2020-10-11,23.69,26.562426
627,2020-10-12,17.55,26.562426
628,2020-10-13,17.657,26.562426
629,2020-10-14,17.765,26.562426
630,2020-10-15,17.865,26.562426
631,2020-10-16,11.798,26.562426
632,2020-10-17,11.926,26.562426
633,2020-10-18,12.052,26.562426
634,2020-10-19,18.329,26.562426
635,2020-10-20,12.275,26.562426
636,2020-10-21,18.575,26.562426
637,2020-10-22,12.559,26.562426
638,2020-10-23,24.848,26.562426
639,2020-10-24,37.206,26.562426
640,2020-10-25,18.973,26.562426
641,2020-10-26,12.985,26.562426
642,2020-10-27,7.052,26.562426
643,2020-10-28,7.216,26.562426
644,2020-10-29,6.556,26.562426
645,2020-10-30,12.789,26.562426
646,2020-10-31,6.866,26.562426
647,2020-11-01,7.028,26.562426
648,2020-11-02,5.486,26.562426
649,2020-11-03,11.702,26.562426
650,2020-11-04,5.789,26.562426
651,2020-11-05,5.987,26.562426
652,2020-11-06,6.158,26.562426
653,2020-11-07,6.274,26.562426
654,2020-11-08,5.743,26.562426
655,2020-11-09,0.666,26.562426
656,2020-11-10,12.737,26.562426
657,2020-11-11,8.822,26.562426
658,2020-11-12,4.868,26.562426
659,2020-11-13,6.778,26.562426
660,2020-11-14,6.857,26.562426
661,2020-11-15,6.902,26.562426
662,2020-11-16,6.943,26.562426
663,2020-11-17,7.039,26.562426
664,2020-11-18,7.097,26.562426
665,2020-11-19,13.018,26.562426
666,2020-11-20,89.469,26.562426
667,2020-11-21,65.963,26.562426
668,2020-11-22,30.654000000000003,26.562426
669,2020-11-23,24.766,26.562426
670,2020-11-24,24.783,26.562426
671,2020-11-25,13.08,26.562426
672,2020-11-26,18.97,26.562426
673,2020-11-27,13.188,26.562426
674,2020-11-28,7.323000000000001,26.562426
675,2020-11-29,13.241,26.562426
676,2020-11-30,7.489000000000001,26.562426
677,2020-12-01,13.311,26.562426
678,2020-12-02,3.402,26.562426
679,2020-12-03,8.625,26.562426
680,2020-12-04,9.032,26.562426
681,2020-12-05,9.416,26.562426
682,2020-12-06,0.23700000000000002,26.562426
683,2020-12-07,3.81,26.562426
684,2020-12-08,9.253,26.562426
685,2020-12-09,9.271,26.562426
686,2020-12-10,9.253,26.562426
687,2020-12-11,9.214,26.562426
688,2020-12-12,9.186,26.562426
689,2020-12-13,9.242,26.562426
690,2020-12-14,9.233,26.562426
691,2020-12-15,3.437,26.562426
692,2020-12-16,3.475,26.562426
693,2020-12-17,3.465,26.562426
694,2020-12-18,3.488,26.562426
695,2020-12-19,3.501,26.562426
696,2020-12-20,1.446,26.562426
697,2020-12-21,7.252,26.562426
698,2020-12-22,1.473,26.562426
699,2020-12-23,1.664,26.562426
700,2020-12-24,7.4319999999999995,26.562426
701,2020-12-25,1.794,26.562426
702,2020-12-26,1.8300000000000003,26.562426
703,2020-12-27,7.6129999999999995,26.562426
704,2020-12-28,7.672999999999999,26.562426
705,2020-12-29,7.735,26.562426
706,2020-12-30,2.103,26.562426
707,2020-12-31,2.26,26.562426
708,2021-01-01,0.0,26.562426
709,2021-01-02,0.0,26.562426
710,2021-01-03,10.635,26.562426
711,2021-01-04,0.0,26.562426
712,2021-01-05,0.0,26.562426
713,2021-01-06,5.213,26.562426
714,2021-01-07,0.0,26.562426
715,2021-01-08,0.0,26.562426
716,2021-01-09,0.0,26.562426
717,2021-01-10,0.0,26.562426
718,2021-01-11,0.0,26.562426
719,2021-01-12,0.0,26.562426
720,2021-01-13,50.626,26.562426
721,2021-01-14,0.359,26.562426
722,2021-01-15,33.576,26.562426
723,2021-01-16,0.0,26.562426
724,2021-01-17,6.113,26.562426
725,2021-01-18,0.668,26.562426
726,2021-01-19,0.812,26.562426
727,2021-01-20,0.858,26.562426
728,2021-01-21,0.946,26.562426
729,2021-01-22,6.474,26.562426
730,2021-01-23,6.598,26.562426
731,2021-01-24,1.222,26.562426
732,2021-01-25,6.752,26.562426
733,2021-01-26,6.775,26.562426
734,2021-01-27,6.846,26.562426
735,2021-01-28,6.924,26.562426
736,2021-01-29,7.002,26.562426
737,2021-01-30,0.0,26.562426
738,2021-01-31,7.238,26.562426
739,2021-02-01,1.9,26.562426
740,2021-02-02,0.679,26.562426
741,2021-02-03,6.191,26.562426
742,2021-02-04,1.081,26.562426
743,2021-02-05,6.544,26.562426
744,2021-02-06,1.468,26.562426
745,2021-02-07,4.055,26.562426
746,2021-02-08,4.198,26.562426
747,2021-02-09,9.542,26.562426
748,2021-02-10,0.0,26.562426
749,2021-02-11,9.824,26.562426
750,2021-02-12,4.805,26.562426
751,2021-02-13,4.884,26.562426
752,2021-02-14,5.044,26.562426
753,2021-02-15,0.019,26.562426
754,2021-02-16,5.382,26.562426
755,2021-02-17,5.476,26.562426
756,2021-02-18,5.619,26.562426
757,2021-02-19,0.662,26.562426
758,2021-02-20,0.85,26.562426
759,2021-02-21,6.058,26.562426
760,2021-02-22,1.186,26.562426
761,2021-02-23,1.309,26.562426
762,2021-02-24,11.585,26.562426
763,2021-02-25,1.614,26.562426
764,2021-02-26,6.816,26.562426
765,2021-02-27,1.94,26.562426
766,2021-02-28,2.169,26.562426
767,2021-03-01,2.268,26.562426
768,2021-03-02,59.932,159.39761
769,2021-03-03,35.111,311.05322
770,2021-03-04,22.067,26.562426
771,2021-03-05,12.179,26.562426
772,2021-03-06,22.108,26.562426
773,2021-03-07,22.132,26.562426
774,2021-03-08,27.139,26.562426
775,2021-03-09,22.177,26.562426
776,2021-03-10,22.202,26.562426
777,2021-03-11,32.058,26.562426
778,2021-03-12,32.049,26.562426
779,2021-03-13,46.835,26.562426
780,2021-03-14,56.728,26.562426
781,2021-03-15,56.69,26.562426
782,2021-03-16,49.6,26.562426
783,2021-03-17,54.561,26.562426
784,2021-03-18,54.619,26.562426
785,2021-03-19,49.733,26.562426
786,2021-03-20,39.904,26.562426
787,2021-03-21,39.872,26.562426
788,2021-03-22,39.946,26.562426
789,2021-03-23,34.942,26.562426
790,2021-03-24,29.992000000000004,26.562426
791,2021-03-25,24.99,26.562426
792,2021-03-26,25.003,26.562426
793,2021-03-27,24.997,26.562426
794,2021-03-28,35.042,26.562426
795,2021-03-29,70.104,26.562426
796,2021-03-30,90.326,26.562426
797,2021-03-31,65.276,26.562426
798,2021-04-01,55.441,26.562426
799,2021-04-02,42.608,26.562426
800,2021-04-03,37.62,26.562426
801,2021-04-04,77.957,26.562426
802,2021-04-05,388.762,35.508343
803,2021-04-06,241.83900000000003,26.562426
804,2021-04-07,144.885,26.562426
805,2021-04-08,103.694,26.562426
806,2021-04-09,77.853,26.562426
807,2021-04-10,67.487,26.562426
808,2021-04-11,51.823,26.562426
809,2021-04-12,41.331,26.562426
810,2021-04-13,57.705,26.562426
811,2021-04-14,115.974,26.562426
812,2021-04-15,127.05799999999999,26.562426
813,2021-04-16,100.837,26.562426
814,2021-04-17,80.26,26.562426
815,2021-04-18,74.895,26.562426
816,2021-04-19,42.946,26.562426
817,2021-04-20,48.374,26.562426
818,2021-04-21,43.07,26.562426
819,2021-04-22,37.866,26.562426
820,2021-04-23,37.808,26.562426
821,2021-04-24,26.981,26.562426
822,2021-04-25,27.258,26.562426
823,2021-04-26,22.167,26.562426
824,2021-04-27,22.339,26.562426
825,2021-04-28,26.578,26.562426
826,2021-04-29,16.201,26.562426
827,2021-04-30,21.46,26.562426
828,2021-05-01,47.474,26.562426
829,2021-05-02,43.796,26.562426
830,2021-05-03,85.336,26.562426
831,2021-05-04,90.606,26.562426
832,2021-05-05,74.969,26.562426
833,2021-05-06,75.044,26.562426
834,2021-05-07,64.6,26.562426
835,2021-05-08,49.011,26.562426
836,2021-05-09,49.03,26.562426
837,2021-05-10,49.074,26.562426
838,2021-05-11,33.554,26.562426
839,2021-05-12,28.92,26.562426
840,2021-05-13,29.096,26.562426
841,2021-05-14,29.150999999999996,26.562426
842,2021-05-15,24.134,26.562426
843,2021-05-16,24.256,26.562426
844,2021-05-17,193.569,344.30475
845,2021-05-18,522.353,464.16705
846,2021-05-19,259.807,26.562426
847,2021-05-20,165.521,26.562426
848,2021-05-21,112.676,26.562426
849,2021-05-22,102.046,26.562426
850,2021-05-23,86.076,26.562426
851,2021-05-24,70.177,26.562426
852,2021-05-25,57.535,26.562426
853,2021-05-26,62.85900000000001,26.562426
854,2021-05-27,52.26,26.562426
855,2021-05-28,57.575,26.562426
856,2021-05-29,73.495,26.562426
857,2021-05-30,126.62299999999999,26.562426
858,2021-05-31,116.07199999999999,26.562426
859,2021-06-01,116.16600000000001,26.562426
860,2021-06-02,90.923,26.562426
861,2021-06-03,80.295,26.562426
862,2021-06-04,85.689,26.562426
863,2021-06-05,85.581,26.562426
864,2021-06-06,80.233,26.562426
865,2021-06-07,69.688,26.562426
866,2021-06-08,53.628,26.562426
867,2021-06-09,48.306,26.562426
868,2021-06-10,42.987,26.562426
869,2021-06-11,27.051,26.562426
870,2021-06-12,53.73,26.562426
871,2021-06-13,37.812,26.562426
872,2021-06-14,27.245,26.562426
873,2021-06-15,22.076,26.562426
874,2021-06-16,22.216,26.562426
875,2021-06-17,22.298,26.562426
876,2021-06-18,32.938,26.562426
877,2021-06-19,27.765,26.562426
878,2021-06-20,22.674,26.562426
879,2021-06-21,22.635,26.562426
880,2021-06-22,17.681,26.562426
881,2021-06-23,22.958,26.562426
882,2021-06-24,17.893,26.562426
883,2021-06-25,12.866,26.562426
884,2021-06-26,7.9,26.562426
885,2021-06-27,44.102,26.562426
886,2021-06-28,44.108,26.562426
887,2021-06-29,33.875,26.562426
888,2021-06-30,23.815,26.562426
889,2021-07-01,18.794,26.562426
890,2021-07-02,35.214,26.562426
891,2021-07-03,30.112,26.562426
892,2021-07-04,45.46,26.562426
893,2021-07-05,437.72,520.20087
894,2021-07-06,276.177,216.08676
895,2021-07-07,162.176,26.562426
896,2021-07-08,104.488,26.562426
897,2021-07-09,115.4,26.562426
898,2021-07-10,131.786,26.562426
899,2021-07-11,191.407,26.562426
900,2021-07-12,165.425,26.562426
901,2021-07-13,128.107,26.562426
902,2021-07-14,90.337,26.562426
903,2021-07-15,68.643,26.562426
904,2021-07-16,63.248000000000005,26.562426
905,2021-07-17,59.282999999999994,26.562426
906,2021-07-18,42.909,26.562426
907,2021-07-19,42.932,26.562426
908,2021-07-20,37.465,26.562426
909,2021-07-21,37.485,26.562426
910,2021-07-22,37.497,26.562426
911,2021-07-23,33.993,26.562426
912,2021-07-24,20.994,26.562426
913,2021-07-25,20.998,26.562426
914,2021-07-26,21.016,26.562426
915,2021-07-27,21.012,26.562426
916,2021-07-28,15.497,26.562426
917,2021-07-29,9.993,26.562426
918,2021-07-30,15.501999999999999,26.562426
919,2021-07-31,9.994,26.562426
920,2021-08-01,15.494,26.562426
921,2021-08-02,36.003,26.562426
922,2021-08-03,47.026,26.562426
923,2021-08-04,36.015,26.562426
924,2021-08-05,24.997,26.562426
925,2021-08-06,19.485,26.562426
926,2021-08-07,13.982,26.562426
927,2021-08-08,30.512000000000004,26.562426
928,2021-08-09,19.495,26.562426
929,2021-08-10,80.155,26.562426
930,2021-08-11,102.392,26.562426
931,2021-08-12,85.974,26.562426
932,2021-08-13,47.211,26.562426
933,2021-08-14,36.114,26.562426
934,2021-08-15,63.921,26.562426
935,2021-08-16,91.845,26.562426
936,2021-08-17,58.492000000000004,26.562426
937,2021-08-18,36.169,26.562426
938,2021-08-19,64.136,26.562426
939,2021-08-20,92.197,26.562426
940,2021-08-21,58.67,26.562426
941,2021-08-22,58.71,26.562426
942,2021-08-23,64.382,26.562426
943,2021-08-24,53.166,26.562426
944,2021-08-25,58.843,26.562426
945,2021-08-26,104.106,26.562426
946,2021-08-27,87.315,26.562426
947,2021-08-28,59.038999999999994,26.562426
948,2021-08-29,49.598,26.562426
949,2021-08-30,38.247,26.562426
950,2021-08-31,32.57,26.562426
951,2021-09-01,43.984,26.562426
952,2021-09-02,204.188,26.562426
953,2021-09-03,182.329,26.562426
954,2021-09-04,107.944,26.562426
955,2021-09-05,73.435,26.562426
956,2021-09-06,56.117,26.562426
957,2021-09-07,56.173,26.562426
958,2021-09-08,102.848,26.562426
959,2021-09-09,179.227,26.562426
960,2021-09-10,127.113,26.562426
961,2021-09-11,86.192,26.562426
962,2021-09-12,68.649,26.562426
963,2021-09-13,50.97,26.562426
964,2021-09-14,45.096,26.562426
965,2021-09-15,39.192,26.562426
966,2021-09-16,27.353,26.562426
967,2021-09-17,27.136,26.562426
968,2021-09-18,20.932,26.562426
969,2021-09-19,26.862,26.562426
970,2021-09-20,20.942,26.562426
971,2021-09-21,20.933,26.562426
972,2021-09-22,50.636,26.562426
973,2021-09-23,45.229,26.562426
974,2021-09-24,39.306,26.562426
975,2021-09-25,27.405,26.562426
976,2021-09-26,27.416,26.562426
977,2021-09-27,27.409,26.562426
978,2021-09-28,21.1,26.562426
979,2021-09-29,20.45,26.562426
980,2021-09-30,32.394,26.562426
981,2021-10-01,50.315,26.562426
982,2021-10-02,38.066,26.562426
983,2021-10-03,39.255,26.562426
984,2021-10-04,29.714999999999996,26.562426
985,2021-10-05,35.679,26.562426
986,2021-10-06,89.514,26.562426
987,2021-10-07,167.715,26.562426
988,2021-10-08,132.101,26.562426
989,2021-10-09,96.14,26.562426
990,2021-10-10,78.096,26.562426
991,2021-10-11,84.239,26.562426
992,2021-10-12,120.80499999999999,26.562426
993,2021-10-13,108.858,26.562426
994,2021-10-14,84.567,26.562426
995,2021-10-15,66.37,26.562426
996,2021-10-16,60.288,26.562426
997,2021-10-17,66.434,26.562426
998,2021-10-18,54.215,26.562426
999,2021-10-19,48.134,26.562426
1000,2021-10-20,41.983,26.562426
1001,2021-10-21,35.823,26.562426
1002,2021-10-22,35.838,26.562426
1003,2021-10-23,35.828,26.562426
1004,2021-10-24,23.563,26.562426
1005,2021-10-25,23.555,26.562426
1006,2021-10-26,29.746,26.562426
1007,2021-10-27,23.592,26.562426
1008,2021-10-28,23.625,26.562426
1009,2021-10-29,23.608,26.562426
1010,2021-10-30,17.476,26.562426
1011,2021-10-31,23.548,26.562426
1012,2021-11-01,17.44,26.562426
1013,2021-11-02,19.988,26.562426
1014,2021-11-03,13.9,26.562426
1015,2021-11-04,20.035,26.562426
1016,2021-11-05,18.063,26.562426
1017,2021-11-06,11.97,26.562426
1018,2021-11-07,11.987,26.562426
1019,2021-11-08,18.098,26.562426
1020,2021-11-09,24.208,26.562426
1021,2021-11-10,24.218,26.562426
1022,2021-11-11,18.122,26.562426
1023,2021-11-12,18.124,26.562426
1024,2021-11-13,18.158,26.562426
1025,2021-11-14,12.07,26.562426
1026,2021-11-15,18.172,26.562426
1027,2021-11-16,12.091,26.562426
1028,2021-11-17,12.135,26.562426
1029,2021-11-18,18.193,26.562426
1030,2021-11-19,6.102,26.562426
1031,2021-11-20,18.23,26.562426
1032,2021-11-21,12.206,26.562426
1033,2021-11-22,12.206,26.562426
1034,2021-11-23,18.276,26.562426
1035,2021-11-24,18.278,26.562426
1036,2021-11-25,6.224,26.562426
1037,2021-11-26,12.275,26.562426
1038,2021-11-27,12.31,26.562426
1039,2021-11-28,12.294,26.562426
1040,2021-11-29,12.343,26.562426
1041,2021-11-30,6.341,26.562426
1042,2021-12-01,30.385,26.562426
1043,2021-12-02,36.413,26.562426
1044,2021-12-03,24.386,26.562426
1045,2021-12-04,24.397,26.562426
1046,2021-12-05,24.397,26.562426
1047,2021-12-06,18.409,26.562426
1048,2021-12-07,18.378,26.562426
1049,2021-12-08,18.418,26.562426
1050,2021-12-09,24.431,26.562426
1051,2021-12-10,12.454,26.562426
1052,2021-12-11,12.487,26.562426
1053,2021-12-12,18.46,26.562426
1054,2021-12-13,12.505,26.562426
1055,2021-12-14,12.524,26.562426
1056,2021-12-15,12.553,26.562426
1057,2021-12-16,12.56,26.562426
1058,2021-12-17,18.529,26.562426
1059,2021-12-18,12.587,26.562426
1060,2021-12-19,0.628,26.562426
1061,2021-12-20,12.644,26.562426
1062,2021-12-21,12.657,26.562426
1063,2021-12-22,12.675,26.562426
1064,2021-12-23,12.684,26.562426
1065,2021-12-24,12.759,26.562426
1066,2021-12-25,0.968,26.562426
1067,2021-12-26,12.751,26.562426
1068,2021-12-27,0.9799999999999999,26.562426
1069,2021-12-28,6.911,26.562426
1070,2021-12-29,6.943,26.562426
1071,2021-12-30,6.961,26.562426
1072,2021-12-31,6.997,26.562426
1073,2022-01-01,7.022,26.562426
1074,2022-01-02,8.061,26.562426
1075,2022-01-03,2.26,26.562426
1076,2022-01-04,2.367,26.562426
1077,2022-01-05,14.116,26.562426
1078,2022-01-06,2.508,26.562426
1079,2022-01-07,8.419,26.562426
1080,2022-01-08,1.632,26.562426
1081,2022-01-09,3.948,26.562426
1082,2022-01-10,8.661,26.562426
1083,2022-01-11,2.963,26.562426
1084,2022-01-12,8.832,26.562426
1085,2022-01-13,0.83,26.562426
1086,2022-01-14,2.654,26.562426
1087,2022-01-15,6.583,26.562426
1088,2022-01-16,0.0,26.562426
1089,2022-01-17,5.222,26.562426
1090,2022-01-18,0.179,26.562426
1091,2022-01-19,3.6930000000000005,26.562426
1092,2022-01-20,3.7920000000000003,26.562426
1093,2022-01-21,3.889,26.562426
1094,2022-01-22,3.389,26.562426
1095,2022-01-23,0.0,26.562426
1096,2022-01-24,4.183,26.562426
1097,2022-01-25,0.867,26.562426
1098,2022-01-26,2.662,26.562426
1099,2022-01-27,8.929,26.562426
1100,2022-01-28,5.108,26.562426
1101,2022-01-29,2.944,26.562426
1102,2022-01-30,5.256,26.562426
1103,2022-01-31,3.137,26.562426
1104,2022-02-01,0.4699999999999999,26.562426
1105,2022-02-02,3.93,26.562426
1106,2022-02-03,2.926,26.562426
1107,2022-02-04,1.405,26.562426
1108,2022-02-05,0.403,26.562426
1109,2022-02-06,1.06,26.562426
1110,2022-02-07,3.924,26.562426
1111,2022-02-08,6.198,26.562426
1112,2022-02-09,0.0,26.562426
1113,2022-02-10,2.026,26.562426
1114,2022-02-11,3.7659999999999996,26.562426
1115,2022-02-12,0.0,26.562426
1116,2022-02-13,7.243999999999999,26.562426
1117,2022-02-14,3.535,26.562426
1118,2022-02-15,2.032,26.562426
1119,2022-02-16,1.053,26.562426
1120,2022-02-17,2.254,26.562426
1121,2022-02-18,3.967,26.562426
1122,2022-02-19,1.392,26.562426
1123,2022-02-20,0.0,26.562426
1124,2022-02-21,3.771,26.562426
1125,2022-02-22,0.143,26.562426
1126,2022-02-23,2.399,26.562426
1127,2022-02-24,1.982,26.562426
1128,2022-02-25,0.0,26.562426
1129,2022-02-26,2.204,26.562426
1130,2022-02-27,3.377,26.562426
1131,2022-02-28,7.694,26.562426
1132,2022-03-01,5.701,26.562426
1133,2022-03-02,3.538,26.562426
1134,2022-03-03,2.683,26.562426
1135,2022-03-04,7.026,26.562426
1136,2022-03-05,3.271,26.562426
1137,2022-03-06,12.607,26.562426
1138,2022-03-07,7.951,26.562426
1139,2022-03-08,3.469,26.562426
1140,2022-03-09,1.141,26.562426
1141,2022-03-10,1.852,26.562426
1142,2022-03-11,6.644,26.562426
1143,2022-03-12,3.752,26.562426
1144,2022-03-13,7.531,26.562426
1145,2022-03-14,51.248,26.562426
1146,2022-03-15,47.736,26.562426
1147,2022-03-16,68.467,26.562426
1148,2022-03-17,35.07,26.562426
1149,2022-03-18,27.545,26.562426
1150,2022-03-19,25.062,26.562426
1151,2022-03-20,24.539,26.562426
1152,2022-03-21,19.645,26.562426
1153,2022-03-22,14.745000000000001,26.562426
1154,2022-03-23,20.339,26.562426
1155,2022-03-24,14.405,26.562426
1156,2022-03-25,19.441,26.562426
1157,2022-03-26,28.995000000000005,26.562426
1158,2022-03-27,180.089,26.562426
1159,2022-03-28,204.876,26.562426
1160,2022-03-29,113.835,26.562426
1161,2022-03-30,72.352,26.562426
1162,2022-03-31,64.426,26.562426
1163,2022-04-01,47.744,26.562426
1164,2022-04-02,43.444,26.562426
1165,2022-04-03,36.769,26.562426
1166,2022-04-04,35.284,26.562426
1167,2022-04-05,26.757,26.562426
1168,2022-04-06,26.891,26.562426
1169,2022-04-07,25.269,26.562426
1170,2022-04-08,8.13,26.562426
1171,2022-04-09,22.988,26.562426
1172,2022-04-10,21.5,26.562426
1173,2022-04-11,24.062,26.562426
1174,2022-04-12,20.481,26.562426
1175,2022-04-13,27.448,26.562426
1176,2022-04-14,29.025,26.562426
1177,2022-04-15,43.164,26.562426
1178,2022-04-16,37.028,26.562426
1179,2022-04-17,32.708,26.562426
1180,2022-04-18,30.813999999999997,26.562426
1181,2022-04-19,22.563,26.562426
1182,2022-04-20,26.078,26.562426
1183,2022-04-21,23.229,26.562426
1184,2022-04-22,19.4,26.562426
1185,2022-04-23,17.357,26.562426
1186,2022-04-24,20.362,26.562426
1187,2022-04-25,14.221,26.562426
1188,2022-04-26,15.832000000000003,26.562426
1189,2022-04-27,16.454,26.562426
1190,2022-04-28,17.079,26.562426
1191,2022-04-29,12.416,26.562426
1192,2022-04-30,24.355,26.562426
1193,2022-05-01,25.212,26.562426
1194,2022-05-02,21.366,26.562426
1195,2022-05-03,21.558,26.562426
1196,2022-05-04,15.117,26.562426
1197,2022-05-05,15.708,26.562426
1198,2022-05-06,11.9,26.562426
1199,2022-05-07,13.916,26.562426
1200,2022-05-08,11.708,26.562426
1201,2022-05-09,12.735,26.562426
1202,2022-05-10,13.085,26.562426
1203,2022-05-11,8.842,26.562426
1204,2022-05-12,5.074,26.562426
1205,2022-05-13,10.921,26.562426
1206,2022-05-14,6.151,26.562426
1207,2022-05-15,7.158,26.562426
1208,2022-05-16,5.703,26.562426
1209,2022-05-17,6.19,26.562426
1210,2022-05-18,7.779999999999999,26.562426
1211,2022-05-19,4.914,26.562426
1212,2022-05-20,6.971,26.562426
1213,2022-05-21,5.612,26.562426
1214,2022-05-22,4.553,26.562426
1215,2022-05-23,7.453999999999999,26.562426
1216,2022-05-24,4.772,26.562426
1217,2022-05-25,3.156,26.562426
1218,2022-05-26,4.919,26.562426
1219,2022-05-27,2.561,26.562426
1220,2022-05-28,3.77,26.562426
1221,2022-05-29,4.461,26.562426
1222,2022-05-30,4.124,26.562426
1223,2022-05-31,2.959,26.562426
1224,2022-06-01,1.798,26.562426
1225,2022-06-02,1.791,26.562426
1226,2022-06-03,1.734,26.562426
1227,2022-06-04,0.054,26.562426
1228,2022-06-05,1.993,26.562426
1229,2022-06-06,2.244,26.562426
1230,2022-06-07,29.680000000000003,26.562426
1231,2022-06-08,45.415,26.562426
1232,2022-06-09,27.791,26.562426
1233,2022-06-10,21.591,26.562426
1234,2022-06-11,12.685,26.562426
1235,2022-06-12,10.1,26.562426
1236,2022-06-13,7.271,26.562426
1237,2022-06-14,6.664,26.562426
1238,2022-06-15,2.938,26.562426
1239,2022-06-16,12.839,26.562426
1240,2022-06-17,21.212,26.562426
1241,2022-06-18,32.804,26.562426
1242,2022-06-19,18.703,26.562426
1243,2022-06-20,13.39,26.562426
1244,2022-06-21,12.563,26.562426
1245,2022-06-22,9.513,26.562426
1246,2022-06-23,7.116,26.562426
1247,2022-06-24,85.304,590.04456
1248,2022-06-25,566.914,1204.9739
1249,2022-06-26,189.416,93.09069
1250,2022-06-27,103.617,26.562426
1251,2022-06-28,137.178,26.562426
1252,2022-06-29,334.684,26.562426
1253,2022-06-30,289.669,26.562426
1254,2022-07-01,1145.35,1278.7875
1255,2022-07-02,1094.529,1479.6392
1256,2022-07-03,382.424,439.45267
1257,2022-07-04,198.581,26.562426
1258,2022-07-05,135.497,26.562426
1259,2022-07-06,135.915,26.562426
1260,2022-07-07,101.52,26.562426
1261,2022-07-08,106.65,26.562426
1262,2022-07-09,71.846,26.562426
1263,2022-07-10,61.88199999999999,26.562426
1264,2022-07-11,56.904,26.562426
1265,2022-07-12,167.334,26.562426
1266,2022-07-13,173.137,128.13965
1267,2022-07-14,184.098,217.67258
1268,2022-07-15,456.772,444.64853
1269,2022-07-16,263.759,26.562426
1270,2022-07-17,203.559,26.562426
1271,2022-07-18,152.892,26.562426
1272,2022-07-19,116.83400000000002,26.562426
1273,2022-07-20,92.115,26.562426
1274,2022-07-21,78.198,26.562426
1275,2022-07-22,187.341,304.7359
1276,2022-07-23,278.197,26.562426
1277,2022-07-24,212.37,26.562426
1278,2022-07-25,195.082,26.562426
1279,2022-07-26,165.783,26.562426
1280,2022-07-27,127.15700000000001,26.562426
1281,2022-07-28,108.599,26.562426
1282,2022-07-29,81.259,26.562426
1283,2022-07-30,64.497,26.562426
1284,2022-07-31,57.773,26.562426
1285,2022-08-01,62.608,26.562426
1286,2022-08-02,92.842,26.562426
1287,2022-08-03,142.674,26.562426
1288,2022-08-04,469.29999999999995,586.99615
1289,2022-08-05,418.668,274.88803
1290,2022-08-06,265.958,26.562426
1291,2022-08-07,167.139,26.562426
1292,2022-08-08,131.829,26.562426
1293,2022-08-09,368.996,645.2324
1294,2022-08-10,1356.297,2595.094
1295,2022-08-11,3145.502,2693.7432
1296,2022-08-12,1159.826,1460.4266
1297,2022-08-13,580.296,444.13214
1298,2022-08-14,303.231,354.22894
1299,2022-08-15,218.309,26.562426
1300,2022-08-16,258.435,26.562426
1301,2022-08-17,276.764,26.562426
1302,2022-08-18,194.054,26.562426
1303,2022-08-19,152.871,206.0303
1304,2022-08-20,136.118,26.562426
1305,2022-08-21,153.195,26.562426
1306,2022-08-22,118.774,26.562426
1307,2022-08-23,90.962,26.562426
1308,2022-08-24,82.075,26.562426
1309,2022-08-25,59.56300000000001,26.562426
1310,2022-08-26,63.07800000000001,26.562426
1311,2022-08-27,49.047,26.562426
1312,2022-08-28,45.002,26.562426
1313,2022-08-29,35.197,26.562426
1314,2022-08-30,33.071,26.562426
1315,2022-08-31,57.465,85.02034
1316,2022-09-01,100.375,26.562426
1317,2022-09-02,90.43,26.562426
1318,2022-09-03,63.976,26.562426
1319,2022-09-04,46.365,26.562426
1320,2022-09-05,59.23,26.562426
1321,2022-09-06,1207.227,1944.7936
1322,2022-09-07,2999.655,2887.3528
1323,2022-09-08,696.473,1261.9727
1324,2022-09-09,303.839,228.20677
1325,2022-09-10,185.62,26.562426
1326,2022-09-11,126.13299999999998,26.562426
1327,2022-09-12,99.215,26.562426
1328,2022-09-13,79.571,26.562426
1329,2022-09-14,71.16,26.562426
1330,2022-09-15,55.273,26.562426
1331,2022-09-16,49.835,26.562426
1332,2022-09-17,41.025,26.562426
1333,2022-09-18,44.25,26.562426
1334,2022-09-19,38.948,26.562426
1335,2022-09-20,56.006,26.562426
1336,2022-09-21,62.831,26.562426
1337,2022-09-22,43.654,26.562426
1338,2022-09-23,36.476,26.562426
1339,2022-09-24,29.693999999999996,26.562426
1340,2022-09-25,28.796,26.562426
1341,2022-09-26,24.463,26.562426
1342,2022-09-27,25.996,26.562426
1343,2022-09-28,22.631,26.562426
1344,2022-09-29,19.069,26.562426
1345,2022-09-30,16.403,26.562426
1346,2022-10-01,19.497,26.562426
1347,2022-10-02,17.16,26.562426
1348,2022-10-03,16.391,26.562426
1349,2022-10-04,92.994,55.786446
1350,2022-10-05,559.699,770.7361
1351,2022-10-06,278.218,414.06622
1352,2022-10-07,161.031,191.57039
1353,2022-10-08,135.618,64.27809
1354,2022-10-09,112.416,26.562426
1355,2022-10-10,92.765,26.562426
1356,2022-10-11,73.209,26.562426
1357,2022-10-12,70.233,26.562426
1358,2022-10-13,58.81400000000001,26.562426
1359,2022-10-14,50.118,26.562426
1360,2022-10-15,40.955,26.562426
1361,2022-10-16,43.237,26.562426
1362,2022-10-17,35.17,26.562426
1363,2022-10-18,34.667,26.562426
1364,2022-10-19,32.149,26.562426
1365,2022-10-20,26.749,26.562426
1366,2022-10-21,26.239,26.562426
1367,2022-10-22,26.625,26.562426
1368,2022-10-23,22.32,26.562426
1369,2022-10-24,27.868,26.562426
1370,2022-10-25,21.498,26.562426
1371,2022-10-26,25.952,26.562426
1372,2022-10-27,19.446,26.562426
1373,2022-10-28,22.258,26.562426
1374,2022-10-29,18.197,26.562426
1375,2022-10-30,24.434,26.562426
1376,2022-10-31,19.107,26.562426
1377,2022-11-01,20.662,26.562426
1378,2022-11-02,19.306,26.562426
1379,2022-11-03,17.908,26.562426
1380,2022-11-04,13.01,26.562426
1381,2022-11-05,17.509,26.562426
1382,2022-11-06,13.553,26.562426
1383,2022-11-07,13.314,26.562426
1384,2022-11-08,13.881,26.562426
1385,2022-11-09,15.191,26.562426
1386,2022-11-10,10.148,26.562426
1387,2022-11-11,17.007,26.562426
1388,2022-11-12,12.023,26.562426
1389,2022-11-13,36.967,26.562426
1390,2022-11-14,35.96,26.562426
1391,2022-11-15,26.219,26.562426
1392,2022-11-16,25.79,26.562426
1393,2022-11-17,21.046,26.562426
1394,2022-11-18,19.545,26.562426
1395,2022-11-19,17.604,26.562426
1396,2022-11-20,15.247,26.562426
1397,2022-11-21,15.639999999999999,26.562426
1398,2022-11-22,10.931,26.562426
1399,2022-11-23,16.367,26.562426
1400,2022-11-24,14.956,26.562426
1401,2022-11-25,12.114,26.562426
1402,2022-11-26,15.427999999999999,26.562426
1403,2022-11-27,15.750999999999998,26.562426
1404,2022-11-28,15.897999999999998,26.562426
1405,2022-11-29,29.566999999999997,26.562426
1406,2022-11-30,53.0,26.562426
1407,2022-12-01,55.899,26.562426
1408,2022-12-02,37.128,26.562426
1409,2022-12-03,29.348,26.562426
1410,2022-12-04,27.145,26.562426
1411,2022-12-05,24.412,26.562426
1412,2022-12-06,20.962,26.562426
1413,2022-12-07,18.073,26.562426
1414,2022-12-08,17.762,26.562426
1415,2022-12-09,21.377,26.562426
1416,2022-12-10,15.159,26.562426
1417,2022-12-11,16.191,26.562426
1418,2022-12-12,15.110000000000001,26.562426
1419,2022-12-13,12.626,26.562426
1420,2022-12-14,16.087,26.562426
1421,2022-12-15,6.175,26.562426
1422,2022-12-16,9.123,26.562426
1423,2022-12-17,11.254,26.562426
1424,2022-12-18,21.076,26.562426
1425,2022-12-19,6.438,26.562426
1426,2022-12-20,0.0,26.562426
1427,2022-12-21,4.222,26.562426
1428,2022-12-22,10.684,26.562426
1429,2022-12-23,7.058,26.562426
1430,2022-12-24,8.928,26.562426
1431,2022-12-25,7.574,26.562426
1432,2022-12-26,66.912,26.562426
1433,2022-12-27,5.487,26.562426
1434,2022-12-28,5.607,26.562426
1435,2022-12-29,10.891,26.562426
1436,2022-12-30,9.218,26.562426
1437,2022-12-31,4.597,26.562426
1438,2023-01-01,7.11,26.562426
1439,2023-01-02,7.252,26.562426
1440,2023-01-03,5.488,26.562426
1441,2023-01-04,3.597,26.562426
1442,2023-01-05,4.283,26.562426
1443,2023-01-06,1.9089999999999998,26.562426
1444,2023-01-07,7.096,26.562426
1445,2023-01-08,3.04,26.562426
1446,2023-01-09,6.152,26.562426
1447,2023-01-10,8.884,26.562426
1448,2023-01-11,6.5,26.562426
1449,2023-01-12,4.914,26.562426
1450,2023-01-13,3.8869999999999996,26.562426
1451,2023-01-14,31.789,26.562426
1452,2023-01-15,36.02,26.562426
1453,2023-01-16,30.913,26.562426
1454,2023-01-17,20.553,26.562426
1455,2023-01-18,13.424,26.562426
1456,2023-01-19,14.036,26.562426
1457,2023-01-20,5.896,26.562426
1458,2023-01-21,17.879,26.562426
1459,2023-01-22,7.919,26.562426
1460,2023-01-23,10.895,26.562426
1461,2023-01-24,6.018,26.562426
1462,2023-01-25,9.261,26.562426
1463,2023-01-26,3.27,26.562426
1464,2023-01-27,7.067,26.562426
1465,2023-01-28,2.965,26.562426
1466,2023-01-29,10.1,26.562426
1467,2023-01-30,8.343,26.562426
1468,2023-01-31,6.869,26.562426
1469,2023-02-01,5.013,26.562426
1470,2023-02-02,7.754,26.562426
1471,2023-02-03,8.327,26.562426
1472,2023-02-04,5.084,26.562426
1473,2023-02-05,4.08,26.562426
1474,2023-02-06,4.166,26.562426
1475,2023-02-07,5.955,26.562426
1476,2023-02-08,6.938,26.562426
1477,2023-02-09,6.79,26.562426
1478,2023-02-10,6.446,26.562426
1479,2023-02-11,7.005,26.562426
1480,2023-02-12,8.121,26.562426
1481,2023-02-13,6.802,26.562426
1482,2023-02-14,7.268,26.562426
1483,2023-02-15,9.712,26.562426
1484,2023-02-16,5.981,26.562426
1485,2023-02-17,3.544,26.562426
1486,2023-02-18,8.3,26.562426
1487,2023-02-19,4.907,26.562426
1488,2023-02-20,7.005,26.562426
1489,2023-02-21,13.717,26.562426
1490,2023-02-22,24.155,26.562426
1491,2023-02-23,10.678,26.562426
1492,2023-02-24,4.976,26.562426
1493,2023-02-25,9.315,26.562426
1494,2023-02-26,3.483,26.562426
1495,2023-02-27,8.918,26.562426
1496,2023-02-28,2.16,26.562426
1497,2023-03-01,8.529,26.562426
1498,2023-03-02,7.795,26.562426
1499,2023-03-03,6.324,26.562426
1500,2023-03-04,9.469,26.562426
1501,2023-03-05,8.62,26.562426
1502,2023-03-06,6.302,26.562426
1503,2023-03-07,8.72,26.562426
1504,2023-03-08,8.755,26.562426
1505,2023-03-09,12.356,26.562426
1506,2023-03-10,13.511,26.562426
1507,2023-03-11,20.74,26.562426
1508,2023-03-12,19.121,26.562426
1509,2023-03-13,25.529,26.562426
1510,2023-03-14,30.533000000000005,26.562426
1511,2023-03-15,25.154,26.562426
1512,2023-03-16,20.856,26.562426
1513,2023-03-17,18.713,26.562426
1514,2023-03-18,18.277,26.562426
1515,2023-03-19,12.759,26.562426
1516,2023-03-20,12.451,26.562426
1517,2023-03-21,16.77,26.562426
1518,2023-03-22,13.842,26.562426
1519,2023-03-23,11.882,26.562426
1520,2023-03-24,13.629,26.562426
1521,2023-03-25,16.34,26.562426
1522,2023-03-26,15.462000000000002,26.562426
1523,2023-03-27,15.903999999999998,26.562426
1524,2023-03-28,13.434,26.562426
1525,2023-03-29,14.781000000000002,26.562426
1526,2023-03-30,11.36,26.562426
1527,2023-03-31,12.917,26.562426
1528,2023-04-01,13.393,26.562426
1529,2023-04-02,10.56,26.562426
1530,2023-04-03,11.236,26.562426
1531,2023-04-04,10.247,26.562426
1532,2023-04-05,12.348,26.562426
1533,2023-04-06,42.168,26.562426
1534,2023-04-07,79.109,26.562426
1535,2023-04-08,66.449,26.562426
1536,2023-04-09,55.95,26.562426
1537,2023-04-10,44.261,26.562426
1538,2023-04-11,37.731,26.562426
1539,2023-04-12,39.143,26.562426
1540,2023-04-13,40.323,26.562426
1541,2023-04-14,34.122,26.562426
1542,2023-04-15,33.462,26.562426
1543,2023-04-16,31.343000000000004,26.562426
1544,2023-04-17,37.33,26.562426
1545,2023-04-18,26.716,26.562426
1546,2023-04-19,35.948,26.562426
1547,2023-04-20,39.012,26.562426
1548,2023-04-21,36.717,26.562426
1549,2023-04-22,35.027,26.562426
1550,2023-04-23,30.697,26.562426
1551,2023-04-24,25.555,26.562426
1552,2023-04-25,24.86,26.562426
1553,2023-04-26,23.644,26.562426
1554,2023-04-27,24.583,26.562426
1555,2023-04-28,27.144,26.562426
1556,2023-04-29,14.217,26.562426
1557,2023-04-30,31.094000000000005,26.562426
1558,2023-05-01,35.373,26.562426
1559,2023-05-02,33.381,26.562426
1560,2023-05-03,26.977,26.562426
1561,2023-05-04,23.394,26.562426
1562,2023-05-05,23.034,26.562426
1563,2023-05-06,44.943,26.562426
1564,2023-05-07,278.741,171.22346
1565,2023-05-08,389.808,26.562426
1566,2023-05-09,187.218,26.562426
1567,2023-05-10,119.67400000000002,26.562426
1568,2023-05-11,88.148,26.562426
1569,2023-05-12,68.583,26.562426
1570,2023-05-13,52.967,26.562426
1571,2023-05-14,44.029,26.562426
1572,2023-05-15,40.137,26.562426
1573,2023-05-16,33.421,26.562426
1574,2023-05-17,30.212,26.562426
1575,2023-05-18,26.512,26.562426
1576,2023-05-19,27.036,26.562426
1577,2023-05-20,26.886,26.562426
1578,2023-05-21,20.245,26.562426
1579,2023-05-22,19.745,26.562426
1580,2023-05-23,18.181,26.562426
1581,2023-05-24,15.918,26.562426
1582,2023-05-25,13.593,26.562426
1583,2023-05-26,10.475,26.562426
1584,2023-05-27,14.532,26.562426
1585,2023-05-28,21.271,26.562426
1586,2023-05-29,35.128,26.562426
1587,2023-05-30,57.983,26.562426
1588,2023-05-31,44.145,26.562426
1589,2023-06-01,28.784,26.562426
1590,2023-06-02,21.4,26.562426
1591,2023-06-03,21.538,26.562426
1592,2023-06-04,15.985,26.562426
1593,2023-06-05,13.633,26.562426
1594,2023-06-06,11.17,26.562426
1595,2023-06-07,12.129,26.562426
1596,2023-06-08,12.405,26.562426
1597,2023-06-09,10.317,26.562426
1598,2023-06-10,38.494,26.562426
1599,2023-06-11,34.444,26.562426
1600,2023-06-12,42.733,26.562426
1601,2023-06-13,36.854,26.562426
1602,2023-06-14,29.668000000000003,26.562426
1603,2023-06-15,25.813,26.562426
1604,2023-06-16,29.668000000000003,26.562426
1605,2023-06-17,25.813,26.562426
1606,2023-06-18,33.589,26.562426
1607,2023-06-19,20.838,26.562426
1608,2023-06-20,20.211,26.562426
1609,2023-06-21,18.053,26.562426
1610,2023-06-22,13.791,26.562426
1611,2023-06-23,10.374,26.562426
1612,2023-06-24,31.771999999999995,26.562426
1613,2023-06-25,51.137,26.562426
1614,2023-06-26,42.805,26.562426
1615,2023-06-27,31.481,446.96365
1616,2023-06-28,25.223,592.6846
1617,2023-06-29,75.428,26.562426
1618,2023-06-30,236.494,419.80127
1619,2023-07-01,691.712,673.39264
1620,2023-07-02,333.039,120.62819
1621,2023-07-03,179.189,26.562426
1622,2023-07-04,126.591,26.562426
1623,2023-07-05,103.946,26.562426
1624,2023-07-06,510.99699999999996,309.43008
1625,2023-07-07,303.468,105.7029
1626,2023-07-08,170.61,26.562426
1627,2023-07-09,118.82600000000001,26.562426
1628,2023-07-10,170.61,26.562426
1629,2023-07-11,170.099,26.562426
1630,2023-07-12,163.781,171.98483
1631,2023-07-13,205.897,114.81344
1632,2023-07-14,265.738,524.3806
1633,2023-07-15,767.145,719.1589
1634,2023-07-16,265.738,558.15704
1635,2023-07-17,390.104,26.562426
1636,2023-07-18,245.069,26.562426
1637,2023-07-19,226.976,26.562426
1638,2023-07-20,219.919,26.562426
1639,2023-07-21,150.261,26.562426
1640,2023-07-22,114.591,26.562426
1641,2023-07-23,96.365,26.562426
1642,2023-07-24,87.601,26.562426
1643,2023-07-25,136.497,26.562426
1644,2023-07-26,120.451,26.562426
1645,2023-07-27,113.989,26.562426
1646,2023-07-28,89.028,26.562426
1647,2023-07-29,71.901,26.562426
1648,2023-07-30,61.625,26.562426
1649,2023-07-31,50.832,26.562426
1650,2023-08-01,43.839,26.562426
1651,2023-08-02,41.372,26.562426
1652,2023-08-03,37.23,26.562426
1653,2023-08-04,31.765999999999995,26.562426
1654,2023-08-05,27.035,26.562426
1655,2023-08-06,24.671,26.562426
1656,2023-08-07,27.405,26.562426
1657,2023-08-08,29.399,26.562426
1658,2023-08-09,25.141,26.562426
1659,2023-08-10,20.578,26.562426
1660,2023-08-11,380.079,1431.0912
1661,2023-08-12,508.6770000000001,1273.8645
1662,2023-08-13,201.034,332.6368
1663,2023-08-14,134.756,26.562426
1664,2023-08-15,92.077,26.562426
1665,2023-08-16,70.354,26.562426
1666,2023-08-17,57.307,43.931747
1667,2023-08-18,48.52,26.562426
1668,2023-08-19,41.355,26.562426
1669,2023-08-20,37.633,376.83347
1670,2023-08-21,32.581,46.077267
1671,2023-08-22,44.392,26.562426
1672,2023-08-23,37.975,26.562426
1673,2023-08-24,89.471,1327.7931
1674,2023-08-25,277.371,1140.1759
1675,2023-08-26,273.964,26.562426
1676,2023-08-27,181.552,26.562426
1677,2023-08-28,117.343,26.562426
1678,2023-08-29,93.827,824.87585
1679,2023-08-30,127.53499999999998,26.562426
1680,2023-08-31,182.472,26.562426
1681,2023-09-01,235.14,26.562426
1682,2023-09-02,170.642,124.05865
1683,2023-09-03,120.16599999999998,26.562426
1684,2023-09-04,95.818,26.562426
1685,2023-09-05,75.136,26.562426
1686,2023-09-06,65.459,26.562426
1687,2023-09-07,50.839,26.562426
1688,2023-09-08,47.493,26.562426
1689,2023-09-09,38.025,26.562426
1690,2023-09-10,38.168,26.562426
1691,2023-09-11,31.97,26.562426
1692,2023-09-12,27.798,26.562426
1693,2023-09-13,30.259000000000004,26.562426
1694,2023-09-14,63.98299999999999,26.562426
1695,2023-09-15,109.622,26.562426
1696,2023-09-16,82.566,26.562426
1697,2023-09-17,88.695,26.562426
1698,2023-09-18,242.94399999999996,26.562426
1699,2023-09-19,198.482,26.562426
1700,2023-09-20,136.419,26.562426
1701,2023-09-21,125.284,26.562426
1702,2023-09-22,187.92,26.562426
1703,2023-09-23,155.157,26.562426
1704,2023-09-24,113.285,26.562426
1705,2023-09-25,91.437,26.562426
1706,2023-09-26,74.657,26.562426
1707,2023-09-27,83.6,26.562426
1708,2023-09-28,86.721,26.562426
1709,2023-09-29,103.485,26.562426
1710,2023-09-30,86.372,26.562426
1711,2023-10-01,79.558,26.562426
1712,2023-10-02,69.416,26.562426
1713,2023-10-03,55.239,26.562426
1714,2023-10-04,43.988,26.562426
1715,2023-10-05,40.493,26.562426
1716,2023-10-06,42.317,26.562426
1717,2023-10-07,35.28,26.562426
1718,2023-10-08,30.191,26.562426
1719,2023-10-09,29.56,26.562426
1720,2023-10-10,33.838,26.562426
1721,2023-10-11,29.156,26.562426
1722,2023-10-12,27.915,26.562426
1723,2023-10-13,23.687,26.562426
1724,2023-10-14,25.984,26.562426
1725,2023-10-15,18.682,26.562426
1726,2023-10-16,25.919,26.562426
1727,2023-10-17,19.96,26.562426
1728,2023-10-18,18.629,26.562426
1729,2023-10-19,16.625,26.562426
1730,2023-10-20,19.301,26.562426
1731,2023-10-21,18.512,26.562426
1732,2023-10-22,16.244,26.562426
1733,2023-10-23,16.245,26.562426
1734,2023-10-24,13.578,26.562426
1735,2023-10-25,15.856,26.562426
1736,2023-10-26,17.46,26.562426
1737,2023-10-27,21.993,26.562426
1738,2023-10-28,15.195000000000002,26.562426
1739,2023-10-29,22.802,26.562426
1740,2023-10-30,17.385,26.562426
1741,2023-10-31,15.897999999999998,26.562426
1742,2023-11-01,13.022,26.562426
1743,2023-11-02,14.995,26.562426
1744,2023-11-03,10.647,26.562426
1745,2023-11-04,20.309,26.562426
1746,2023-11-05,31.614,26.562426
1747,2023-11-06,37.4,26.562426
1748,2023-11-07,299.093,78.73877
1749,2023-11-08,237.94000000000003,26.562426
1750,2023-11-09,133.516,26.562426
1751,2023-11-10,105.306,26.562426
1752,2023-11-11,71.429,26.562426
1753,2023-11-12,58.355999999999995,26.562426
1754,2023-11-13,45.968,26.562426
1755,2023-11-14,38.736,26.562426
1756,2023-11-15,38.607,26.562426
1757,2023-11-16,33.881,26.562426
1758,2023-11-17,35.525,26.562426
1759,2023-11-18,30.068,26.562426
1760,2023-11-19,26.588,26.562426
1761,2023-11-20,27.612,26.562426
1762,2023-11-21,27.66,26.562426
1763,2023-11-22,29.922,26.562426
1764,2023-11-23,11.815,26.562426
1765,2023-11-24,17.438,26.562426
1766,2023-11-25,22.489,26.562426
1767,2023-11-26,17.446,26.562426
1768,2023-11-27,15.477999999999998,26.562426
1769,2023-11-28,23.829,26.562426
1770,2023-11-29,15.318000000000001,26.562426
1771,2023-11-30,16.306,26.562426
1772,2023-12-01,15.08,26.562426
1773,2023-12-02,8.564,26.562426
1774,2023-12-03,6.204,26.562426
1775,2023-12-04,21.187,26.562426
1776,2023-12-05,17.344,26.562426
1777,2023-12-06,12.861,26.562426
1778,2023-12-07,12.669,26.562426
1779,2023-12-08,19.852,26.562426
1780,2023-12-09,17.634,26.562426
1781,2023-12-10,17.285,26.562426
1782,2023-12-11,18.917,26.562426
1783,2023-12-12,32.516,26.562426
1784,2023-12-13,68.235,26.562426
1785,2023-12-14,46.478,26.562426
1786,2023-12-15,51.88,26.562426
1787,2023-12-16,120.28099999999999,26.82378
1788,2023-12-17,124.91300000000001,26.562426
1789,2023-12-18,77.731,26.562426
1790,2023-12-19,58.54399999999999,26.562426
1791,2023-12-20,50.379,26.562426
1792,2023-12-21,42.639,26.562426
1793,2023-12-22,30.32,26.562426
1794,2023-12-23,28.858,26.562426
1795,2023-12-24,24.006,26.562426
1796,2023-12-25,24.665,26.562426
1797,2023-12-26,25.785,26.562426
1798,2023-12-27,30.518000000000004,26.562426
1799,2023-12-28,25.873,26.562426
1800,2023-12-29,21.186,26.562426
1801,2023-12-30,20.887,26.562426
1802,2023-12-31,29.183,26.562426
